feature_set,seasons_tested,avg_accuracy,avg_log_loss,avg_brier,worst_log_loss,best_log_loss,num_added_features,added_features,avg_log_loss_delta,avg_brier_delta,avg_accuracy_delta,beats_avg_log_loss,beats_avg_brier,beats_every_season_log_loss,beats_every_season_brier,strict_promotion_candidate
team_plus_vs_hand_games_scaled_diff__env_temp__opp_adj_offense_diff,2,0.5614578409023856,0.680839654929143,0.24393004070248137,0.6820896289998403,0.6795896808584457,3,"vs_hand_games_scaled_diff, env_temp, opp_adj_offense_diff",-0.0007787417721856205,-0.0003724912979976569,0.0028823530608659276,True,True,True,True,True
team_plus_env_temp__opp_adj_offense_diff__away_lineup_platoon_adv_pct,2,0.5614578409023856,0.681014541332081,0.24401548880480187,0.6819951371777626,0.6800339454863993,3,"env_temp, opp_adj_offense_diff, away_lineup_platoon_adv_pct",-0.0006038553692476745,-0.00028704319567715575,0.0028823530608659276,True,True,True,True,True
team_plus_env_temp__opp_adj_offense_diff__lineup_platoon_adv_pct_diff,2,0.5616641108299427,0.6810175440307232,0.24401642484057645,0.681986341360709,0.6800487467007374,3,"env_temp, opp_adj_offense_diff, lineup_platoon_adv_pct_diff",-0.0006008526706053896,-0.0002861071599025711,0.003088622988423051,True,True,True,True,True
team_plus_env_temp__opp_adj_offense_diff__away_faces_lhp,2,0.56001615569149,0.6810509774673572,0.24403222238607544,0.6820002224101713,0.6801017325245432,3,"env_temp, opp_adj_offense_diff, away_faces_lhp",-0.0005674192339714113,-0.0002703096144035799,0.001440667849970323,True,True,True,True,True
team_plus_vs_hand_games_scaled_diff__env_temp__away_faces_lhp,2,0.5598107335647038,0.6810729503656565,0.24404072300934532,0.6821189514411985,0.6800269492901144,3,"vs_hand_games_scaled_diff, env_temp, away_faces_lhp",-0.0005454463356721062,-0.00026180899113370515,0.0012352457231841196,True,True,True,True,True
team_plus_vs_hand_games_scaled_diff__opp_adj_offense_diff__away_faces_lhp,2,0.5600162404715672,0.6810916261489053,0.24404900595502357,0.6821405749627174,0.6800426773350933,3,"vs_hand_games_scaled_diff, opp_adj_offense_diff, away_faces_lhp",-0.000526770552423339,-0.0002535260454554489,0.0014407526300475038,True,True,False,True,False
team_plus_away_vs_hand_games_scaled__opp_adj_offense_diff__lineup_platoon_adv_pct_diff,2,0.5614577561223085,0.6811220932311861,0.24406233675534203,0.6821341668069076,0.6801100196554645,3,"away_vs_hand_games_scaled, opp_adj_offense_diff, lineup_platoon_adv_pct_diff",-0.0004963034701425117,-0.00024019524513699264,0.0028822682807888578,True,True,True,True,True
team_plus_away_vs_hand_games_scaled__opp_adj_offense_diff__away_lineup_platoon_adv_pct,2,0.5589864168751691,0.6811363852873298,0.24407030308571845,0.6820986786361795,0.68017409193848,3,"away_vs_hand_games_scaled, opp_adj_offense_diff, away_lineup_platoon_adv_pct",-0.0004820114139988396,-0.00023222891476057383,0.0004109290336494764,True,True,True,True,True
team_plus_away_vs_hand_games_scaled__env_temp__opp_adj_offense_diff,2,0.55898726467594,0.6811530742361229,0.24408026433291097,0.6821543416771532,0.6801518067950928,3,"away_vs_hand_games_scaled, env_temp, opp_adj_offense_diff",-0.00046532246520569753,-0.0002222676675680546,0.00041177683442028545,True,True,False,True,False
team_plus_vs_hand_games_scaled_diff__opp_adj_offense_diff__lineup_platoon_adv_pct_diff,2,0.557546088145507,0.6812173661328339,0.24411348929045495,0.682415467376899,0.6800192648887688,3,"vs_hand_games_scaled_diff, opp_adj_offense_diff, lineup_platoon_adv_pct_diff",-0.0004010305684947202,-0.0001890427100240677,-0.0010293996960126783,True,True,False,False,False
team_plus_vs_hand_games_scaled_diff__opp_adj_offense_diff__away_lineup_platoon_adv_pct,2,0.5579579497600046,0.681217486930708,0.24411318571714713,0.6825252272145212,0.6799097466468949,3,"vs_hand_games_scaled_diff, opp_adj_offense_diff, away_lineup_platoon_adv_pct",-0.0004009097706205722,-0.00018934628333189263,-0.000617538081515101,True,True,False,False,False
team_plus_vs_hand_games_scaled_diff__away_vs_hand_games_scaled__opp_adj_offense_diff,2,0.5591929411429575,0.6812248146656739,0.24411381989310163,0.6825269435711859,0.6799226857601617,3,"vs_hand_games_scaled_diff, away_vs_hand_games_scaled, opp_adj_offense_diff",-0.00039358203565476035,-0.0001887121073773923,0.0006174533014378092,True,True,False,False,False
team_plus_vs_hand_games_scaled_diff__env_temp__home_faces_lhp,2,0.5606340328933135,0.681240575350796,0.24412277995519915,0.6823553060886974,0.6801258446128944,3,"vs_hand_games_scaled_diff, env_temp, home_faces_lhp",-0.00037782135053265886,-0.00017975204527986843,0.002058545051793814,True,True,False,False,False
team_plus_away_vs_hand_games_scaled__env_temp__lineup_platoon_adv_pct_diff,2,0.5614581800226939,0.6812418300085049,0.2441218575496852,0.6821335806936447,0.6803500793233651,3,"away_vs_hand_games_scaled, env_temp, lineup_platoon_adv_pct_diff",-0.0003765666928237099,-0.00018067445079381073,0.0028826921811742068,True,True,True,False,False
team_plus_vs_hand_games_scaled_diff__away_vs_hand_games_scaled__env_temp,2,0.5581638805672533,0.6812551540669181,0.24413042120614448,0.6824653673578813,0.6800449407759548,3,"vs_hand_games_scaled_diff, away_vs_hand_games_scaled, env_temp",-0.0003632426344105655,-0.00017211079433454568,-0.0004116072742663679,True,True,False,False,False
team_plus_vs_hand_games_scaled_diff__opp_adj_offense_diff__home_faces_lhp,2,0.5616630934690177,0.681260676629371,0.24413282189941457,0.6823727779278416,0.6801485753309003,3,"vs_hand_games_scaled_diff, opp_adj_offense_diff, home_faces_lhp",-0.00035772007195766786,-0.00016971010106445195,0.0030876056274979913,True,True,False,False,False
team_plus_opp_adj_offense_diff__lineup_platoon_adv_pct_diff__away_lineup_platoon_adv_pct,2,0.5602216625983534,0.6812636033941099,0.2441327075933212,0.6821354773707661,0.6803917294174536,3,"opp_adj_offense_diff, lineup_platoon_adv_pct_diff, away_lineup_platoon_adv_pct",-0.00035479330721877034,-0.00016982440715782032,0.001646174756833707,True,True,True,True,True
team_plus_away_vs_hand_games_scaled__env_temp__away_lineup_platoon_adv_pct,2,0.5637225711016595,0.6812667236443479,0.24413508263505798,0.6821473053455833,0.6803861419431125,3,"away_vs_hand_games_scaled, env_temp, away_lineup_platoon_adv_pct",-0.00035167305698069473,-0.00016744936542104072,0.005147083260139795,True,True,False,False,False
team_plus_opp_adj_offense_diff__lineup_platoon_adv_pct_diff__away_faces_lhp,2,0.5583695570342708,0.6812851355733536,0.24414454986548326,0.6821278529745618,0.6804424181721452,3,"opp_adj_offense_diff, lineup_platoon_adv_pct_diff, away_faces_lhp",-0.0003332611279750486,-0.00015798213499576552,-0.00020593080724884416,True,True,True,True,True
team_plus_vs_hand_games_scaled_diff__env_temp__away_lineup_platoon_adv_pct,2,0.5612519948752139,0.6812983744440533,0.2441536183323274,0.682715138238111,0.6798816106499954,3,"vs_hand_games_scaled_diff, env_temp, away_lineup_platoon_adv_pct",-0.00032002225727534306,-0.00014891366815161788,0.0026765070336942642,True,True,False,False,False
team_plus_vs_hand_games_scaled_diff__env_temp__lineup_platoon_adv_pct_diff,2,0.556722364916512,0.6812993892157915,0.24415539667903924,0.6825752114048498,0.6800235670267332,3,"vs_hand_games_scaled_diff, env_temp, lineup_platoon_adv_pct_diff",-0.0003190074855371483,-0.00014713532143978414,-0.001853122925007722,True,True,False,False,False
team_plus_env_temp__lineup_platoon_adv_pct_diff__away_lineup_platoon_adv_pct,2,0.5622810554509181,0.681303627676461,0.24415305051796,0.682177278508342,0.68042997684458,3,"env_temp, lineup_platoon_adv_pct_diff, away_lineup_platoon_adv_pct",-0.0003147690248676005,-0.0001494814825190316,0.0037055676093984413,True,True,False,False,False
team_plus_away_vs_hand_games_scaled__opp_adj_offense_diff__home_faces_lhp,2,0.5612516557549055,0.6813410333529538,0.2441705759853846,0.6827028246741113,0.6799792420317964,3,"away_vs_hand_games_scaled, opp_adj_offense_diff, home_faces_lhp",-0.0002773633483748039,-0.00013195601509441435,0.002676167913385874,True,True,False,False,False
team_plus_env_temp__opp_adj_offense_diff__home_faces_lhp,2,0.5596044636371467,0.6813419395898659,0.24417614666722975,0.6825988200920405,0.6800850590876911,3,"env_temp, opp_adj_offense_diff, home_faces_lhp",-0.00027645711146273566,-0.00012638533324926815,0.0010289757956269963,True,True,False,False,False
team_plus_env_temp__lineup_platoon_adv_pct_diff__away_faces_lhp,2,0.5585759965219821,0.6813498785575278,0.24417637886247293,0.6822090522191608,0.6804907048958948,3,"env_temp, lineup_platoon_adv_pct_diff, away_faces_lhp",-0.00026851814380079997,-0.0001261531380060965,5.08680462418809e-07,True,True,False,False,False
team_plus_opp_adj_offense_diff__away_lineup_platoon_adv_pct__home_faces_lhp,2,0.5606333546526967,0.6813565892206166,0.24417982913333044,0.6825805679656158,0.6801326104756175,3,"opp_adj_offense_diff, away_lineup_platoon_adv_pct, home_faces_lhp",-0.00026180748071202853,-0.00012270286714857748,0.0020578668111770337,True,True,False,False,False
team_plus_env_temp__away_faces_lhp__home_faces_lhp,2,0.5604282716462188,0.6813775652117102,0.2441895250082044,0.6825804521852045,0.680174678238216,3,"env_temp, away_faces_lhp, home_faces_lhp",-0.0002408314896183983,-0.00011300699227462241,0.0018527838046991096,True,True,False,False,False
team_plus_opp_adj_offense_diff__away_faces_lhp__home_faces_lhp,2,0.5610459792878881,0.6813901845923931,0.24419527709826694,0.682589770866578,0.6801905983182083,3,"opp_adj_offense_diff, away_faces_lhp, home_faces_lhp",-0.00022821210893553268,-0.00010725490221208389,0.0024704914463684613,True,True,False,False,False
team_plus_env_temp__away_lineup_platoon_adv_pct__home_faces_lhp,2,0.5622814793513036,0.6813963880131604,0.2441994777974465,0.6826839641493377,0.6801088118769829,3,"env_temp, away_lineup_platoon_adv_pct, home_faces_lhp",-0.00022200868816824038,-0.00010305420303252655,0.0037059915097839013,True,True,False,False,False
team_plus_away_vs_hand_games_scaled__lineup_platoon_adv_pct_diff__away_lineup_platoon_adv_pct,2,0.5616634325893259,0.6813964730347942,0.24419495048952503,0.6821995657636125,0.6805933803059759,3,"away_vs_hand_games_scaled, lineup_platoon_adv_pct_diff, away_lineup_platoon_adv_pct",-0.000221923666534396,-0.00010758151095399682,0.0030879447478062705,True,True,False,False,False
team_plus_away_vs_hand_games_scaled__env_temp__home_faces_lhp,2,0.561045894507811,0.6814575328124315,0.24422865466975507,0.6826962282358442,0.6802188373890188,3,"away_vs_hand_games_scaled, env_temp, home_faces_lhp",-0.00016086388889713366,-7.38773307239482e-05,0.0024704066662912805,True,True,False,False,False
team_plus_away_vs_hand_games_scaled__opp_adj_offense_diff__away_faces_lhp,2,0.5604282716462188,0.6814630067751426,0.24422869717484666,0.6824477584407527,0.6804782551095325,3,"away_vs_hand_games_scaled, opp_adj_offense_diff, away_faces_lhp",-0.00015538992618602254,-7.383482563236288e-05,0.0018527838046991096,True,True,False,False,False
team_plus_away_vs_hand_games_scaled__away_lineup_platoon_adv_pct__home_faces_lhp,2,0.5600170882723381,0.6814891703506453,0.24424103225734184,0.6826949605771221,0.6802833801241684,3,"away_vs_hand_games_scaled, away_lineup_platoon_adv_pct, home_faces_lhp",-0.00012922635068335353,-6.149974313718332e-05,0.0014416004308184238,True,True,False,False,False
team_plus_away_vs_hand_games_scaled__env_temp__away_faces_lhp,2,0.5583698961545791,0.6815164064144394,0.2442564907197579,0.682381242362225,0.6806515704666538,3,"away_vs_hand_games_scaled, env_temp, away_faces_lhp",-0.00010199028688917533,-4.604128072110969e-05,-0.00020559168694056495,True,True,False,False,False
team_plus_opp_adj_offense_diff__lineup_platoon_adv_pct_diff__home_faces_lhp,2,0.559192517242572,0.6815445537967082,0.24427370279528934,0.682767514071938,0.6803215935214783,3,"opp_adj_offense_diff, lineup_platoon_adv_pct_diff, home_faces_lhp",-7.384290462042475e-05,-2.8829205189678797e-05,0.0006170294010523492,True,True,False,False,False
team_plus_vs_hand_games_scaled_diff__lineup_platoon_adv_pct_diff__away_lineup_platoon_adv_pct,2,0.5602218321585075,0.6815487129167561,0.24427329802379655,0.6826772116360013,0.6804202141975109,3,"vs_hand_games_scaled_diff, lineup_platoon_adv_pct_diff, away_lineup_platoon_adv_pct",-6.968378457250513e-05,-2.9233976682474516e-05,0.0016463443169878467,True,True,False,False,False
team_plus_opp_adj_offense_diff__away_faces_lhp__away_lineup_platoon_adv_pct,2,0.5571343960911637,0.6815510796442561,0.24427579427527205,0.6826684969627184,0.6804336623257938,3,"opp_adj_offense_diff, away_faces_lhp, away_lineup_platoon_adv_pct",-6.731705707252456e-05,-2.6737725206976704e-05,-0.001441091750356005,True,True,False,False,False
team_plus_vs_hand_games_scaled_diff__lineup_platoon_adv_pct_diff__away_faces_lhp,2,0.5571342265310095,0.6815544852982727,0.24427621147295903,0.6825651078403313,0.680543862756214,3,"vs_hand_games_scaled_diff, lineup_platoon_adv_pct_diff, away_faces_lhp",-6.391140305594956e-05,-2.632052751999625e-05,-0.0014412613105101446,True,True,False,False,False
team_plus_vs_hand_games_scaled_diff__away_vs_hand_games_scaled__away_faces_lhp,2,0.5577521037328329,0.6815553857016092,0.24427458973680283,0.682615466930495,0.6804953044727233,3,"vs_hand_games_scaled_diff, away_vs_hand_games_scaled, away_faces_lhp",-6.301099971939284e-05,-2.794226367619501e-05,-0.0008233841086867644,True,True,False,False,False
team_plus_vs_hand_games_scaled_diff__away_faces_lhp__home_faces_lhp,2,0.5602227647393555,0.6815690075593398,0.24427805649379364,0.6826138633493218,0.6805241517693578,3,"vs_hand_games_scaled_diff, away_faces_lhp, home_faces_lhp",-4.9389141988820384e-05,-2.447550668538412e-05,0.0016472768978358365,True,True,False,False,False
team_plus_vs_hand_games_scaled_diff__away_vs_hand_games_scaled__home_faces_lhp,2,0.5579572715193879,0.6816036100841916,0.24429750199220537,0.6825719911965226,0.6806352289718606,3,"vs_hand_games_scaled_diff, away_vs_hand_games_scaled, home_faces_lhp",-1.4786617137052538e-05,-5.030008273648745e-06,-0.0006182163221317705,True,True,False,False,False
team_plus_vs_hand_games_scaled_diff__away_vs_hand_games_scaled__away_lineup_platoon_adv_pct,2,0.5596049723176092,0.6816074773825225,0.24430179503625482,0.6829199930727441,0.6802949616923007,3,"vs_hand_games_scaled_diff, away_vs_hand_games_scaled, away_lineup_platoon_adv_pct",-1.0919318806146272e-05,-7.369642242016639e-07,0.001029484476089526,True,True,False,False,False
team_plus_vs_hand_games_scaled_diff__away_lineup_platoon_adv_pct__home_faces_lhp,2,0.561663347809249,0.6816085915991237,0.24430132790575104,0.6826997174787282,0.6805174657195191,3,"vs_hand_games_scaled_diff, away_lineup_platoon_adv_pct, home_faces_lhp",-9.805102204940574e-06,-1.2040947279801095e-06,0.0030878599677293117,True,True,False,False,False
team_plus_away_vs_hand_games_scaled__lineup_platoon_adv_pct_diff__home_faces_lhp,2,0.5608406419411789,0.681637646372241,0.24431464637090328,0.6829238370498225,0.6803514556946595,3,"away_vs_hand_games_scaled, lineup_platoon_adv_pct_diff, home_faces_lhp",1.9249670912380168e-05,1.211437042425434e-05,0.0022651540996592168,False,False,False,False,False
team_plus_lineup_platoon_adv_pct_diff__away_lineup_platoon_adv_pct__home_faces_lhp,2,0.559192517242572,0.6816491075601872,0.2443203714203754,0.6828298092705577,0.6804684058498166,3,"lineup_platoon_adv_pct_diff, away_lineup_platoon_adv_pct, home_faces_lhp",3.07108588585292e-05,1.7839419896387154e-05,0.0006170294010523492,False,False,False,False,False
team_plus_env_temp__lineup_platoon_adv_pct_diff__home_faces_lhp,2,0.561458349582848,0.681649575141025,0.24432428828425892,0.6829633977340202,0.6803357525480297,3,"env_temp, lineup_platoon_adv_pct_diff, home_faces_lhp",3.1178439696355476e-05,2.1756283779900132e-05,0.0028828617413283464,False,False,False,False,False
team_plus_vs_hand_games_scaled_diff__away_vs_hand_games_scaled__lineup_platoon_adv_pct_diff,2,0.5563101641817061,0.681672394829219,0.24433556116208882,0.6829746218267809,0.6803701678316572,3,"vs_hand_games_scaled_diff, away_vs_hand_games_scaled, lineup_platoon_adv_pct_diff",5.399812789042002e-05,3.302916160979885e-05,-0.0022653236598135784,False,False,False,False,False
team_plus_env_temp__away_faces_lhp__away_lineup_platoon_adv_pct,2,0.560428441206373,0.681703511273861,0.24435086696758146,0.6829494520519336,0.6804575704957884,3,"env_temp, away_faces_lhp, away_lineup_platoon_adv_pct",8.51145725323521e-05,4.83349671024369e-05,0.0018529533648533603,False,False,False,False,False
team_plus_vs_hand_games_scaled_diff__lineup_platoon_adv_pct_diff__home_faces_lhp,2,0.557339902998027,0.6817359905547111,0.24436497395189144,0.6828944617612299,0.6805775193481922,3,"vs_hand_games_scaled_diff, lineup_platoon_adv_pct_diff, home_faces_lhp",0.00011759385338250272,6.244195141241748e-05,-0.0012355848434926209,False,False,False,False,False
team_plus_vs_hand_games_scaled_diff__away_faces_lhp__away_lineup_platoon_adv_pct,2,0.5606342024534676,0.6817416664327158,0.2443673108706032,0.6830619343146248,0.6804213985508067,3,"vs_hand_games_scaled_diff, away_faces_lhp, away_lineup_platoon_adv_pct",0.00012326973138720998,6.477887012418249e-05,0.002058714611947954,False,False,False,False,False
team_plus_away_vs_hand_games_scaled__lineup_platoon_adv_pct_diff__away_faces_lhp,2,0.5579576954197734,0.6817550990261336,0.24437221447432161,0.6826236647520034,0.6808865333002639,3,"away_vs_hand_games_scaled, lineup_platoon_adv_pct_diff, away_faces_lhp",0.00013670232480500477,6.968247384259163e-05,-0.0006177924217463104,False,False,False,False,False
team_plus_away_vs_hand_games_scaled__away_faces_lhp__home_faces_lhp,2,0.5589870103357089,0.6817883449053194,0.24438782252985314,0.6830093440961721,0.6805673457144666,3,"away_vs_hand_games_scaled, away_faces_lhp, home_faces_lhp",0.00016994820399074406,8.529052937411574e-05,0.00041152249418918707,False,False,False,False,False
team_plus_lineup_platoon_adv_pct_diff__away_faces_lhp__away_lineup_platoon_adv_pct,2,0.5571343960911637,0.681906851028534,0.2444465318975706,0.6829491802244736,0.6808645218325945,3,"lineup_platoon_adv_pct_diff, away_faces_lhp, away_lineup_platoon_adv_pct",0.00028845432720536746,0.00014399989709157346,-0.001441091750356005,False,False,False,False,False
team_plus_away_faces_lhp__away_lineup_platoon_adv_pct__home_faces_lhp,2,0.5593987871701291,0.6820293611631012,0.24450734196668927,0.6834987212292755,0.680560001096927,3,"away_faces_lhp, away_lineup_platoon_adv_pct, home_faces_lhp",0.0004109644617725783,0.00020480996621025094,0.0008232993286094725,False,False,False,False,False
team_plus_vs_hand_games_scaled_diff__opp_adj_offense_diff__home_road_rapg_diff,2,0.5571342265310095,0.6820756127802208,0.24453546392420183,0.6842387650628995,0.679912460497542,3,"vs_hand_games_scaled_diff, opp_adj_offense_diff, home_road_rapg_diff",0.0004572160788921531,0.00023293192372281224,-0.0014412613105101446,False,False,False,False,False
team_plus_away_vs_hand_games_scaled__away_faces_lhp__away_lineup_platoon_adv_pct,2,0.5577520189527558,0.6820789648508261,0.2445320376282033,0.6833088983253486,0.6808490313763035,3,"away_vs_hand_games_scaled, away_faces_lhp, away_lineup_platoon_adv_pct",0.0004605681494974645,0.00022950562772428018,-0.0008234688887638342,False,False,False,False,False
team_plus_lineup_platoon_adv_pct_diff__away_faces_lhp__home_faces_lhp,2,0.5552817818466187,0.6820905335665717,0.24453886278206893,0.6835743839865188,0.6806066831466246,3,"lineup_platoon_adv_pct_diff, away_faces_lhp, home_faces_lhp",0.00047213686524305576,0.00023633078158991072,-0.003293705994900975,False,False,False,False,False
team_plus_away_vs_hand_games_scaled__opp_adj_offense_diff__home_road_rapg_diff,2,0.5604282716462188,0.6821706167744924,0.24457982936956776,0.6841477743640032,0.6801934591849816,3,"away_vs_hand_games_scaled, opp_adj_offense_diff, home_road_rapg_diff",0.0005522200731638005,0.0002772973690887415,0.0018527838046991096,False,False,False,False,False
team_plus_opp_adj_offense_diff__lineup_platoon_adv_pct_diff__home_road_rapg_diff,2,0.5571338026306241,0.6822042176114604,0.24459771031488803,0.6840655981246814,0.6803428370982396,3,"opp_adj_offense_diff, lineup_platoon_adv_pct_diff, home_road_rapg_diff",0.0005858209101318179,0.0002951783144090059,-0.0014416852108956046,False,False,False,False,False
team_plus_opp_adj_offense_diff__away_lineup_platoon_adv_pct__home_road_rapg_diff,2,0.5591926868027262,0.6822115656705352,0.24460122267615803,0.6840865671989209,0.6803365641421495,3,"opp_adj_offense_diff, away_lineup_platoon_adv_pct, home_road_rapg_diff",0.0005931689692065811,0.0002986906756790031,0.0006171989612064888,False,False,False,False,False
team_plus_opp_adj_offense_diff__away_faces_lhp__home_road_rapg_diff,2,0.5598111574650892,0.6822610574246831,0.2446254197951,0.6841175408563848,0.6804045739929815,3,"opp_adj_offense_diff, away_faces_lhp, home_road_rapg_diff",0.0006426607233545045,0.00032288779462097406,0.0012356696235695797,False,False,False,False,False
team_plus_vs_hand_games_scaled_diff__env_temp__home_road_rapg_diff,2,0.554458482518009,0.6822779204034031,0.24463437976785923,0.6846519130596309,0.6799039277471751,3,"vs_hand_games_scaled_diff, env_temp, home_road_rapg_diff",0.0006595237020744493,0.00033184776738021116,-0.00411700532351067,False,False,False,False,False
team_plus_env_temp__opp_adj_offense_diff__home_road_rapg_diff,2,0.5618698720770372,0.6822784044685997,0.24463625896177568,0.6842510932701367,0.6803057156670625,3,"env_temp, opp_adj_offense_diff, home_road_rapg_diff",0.0006600077672710425,0.0003337269612966598,0.0032943842355175335,False,False,False,False,False
team_plus_away_vs_hand_games_scaled__lineup_platoon_adv_pct_diff__home_road_rapg_diff,2,0.5552823753071583,0.6824056113845196,0.24469286915415278,0.6843540969886673,0.680457125780372,3,"away_vs_hand_games_scaled, lineup_platoon_adv_pct_diff, home_road_rapg_diff",0.0007872146831909843,0.00039033715367375876,-0.0032931125343613754,False,False,False,False,False
team_plus_vs_hand_games_scaled_diff__away_faces_lhp__home_road_rapg_diff,2,0.5532233215749018,0.6824223133611191,0.24470180795539737,0.6844702391594558,0.6803743875627826,3,"vs_hand_games_scaled_diff, away_faces_lhp, home_road_rapg_diff",0.0008039166597905156,0.00039927595491834333,-0.0053521662666178305,False,False,False,False,False
team_plus_away_vs_hand_games_scaled__away_lineup_platoon_adv_pct__home_road_rapg_diff,2,0.5550764444999094,0.682444740671134,0.24471154809327444,0.6843689317403672,0.6805205496019009,3,"away_vs_hand_games_scaled, away_lineup_platoon_adv_pct, home_road_rapg_diff",0.0008263439698054098,0.0004090160927954223,-0.0034990433416102196,False,False,False,False,False
team_plus_env_temp__lineup_platoon_adv_pct_diff__home_road_rapg_diff,2,0.5565179601506508,0.6824560818427781,0.2447194828663009,0.6845218791250354,0.6803902845605206,3,"env_temp, lineup_platoon_adv_pct_diff, home_road_rapg_diff",0.0008376851414494402,0.0004169508658218857,-0.0020575276908688656,False,False,False,False,False
team_plus_env_temp__away_lineup_platoon_adv_pct__home_road_rapg_diff,2,0.5546644981053348,0.6824742779536974,0.24472747538463785,0.6845901508706729,0.680358405036722,3,"env_temp, away_lineup_platoon_adv_pct, home_road_rapg_diff",0.0008558812523687953,0.0004249433841588268,-0.003910989736184867,False,False,False,False,False
team_plus_env_temp__away_faces_lhp__home_road_rapg_diff,2,0.5571353286720117,0.6824767291429639,0.24473019188368314,0.6845349015985581,0.6804185566873695,3,"env_temp, away_faces_lhp, home_road_rapg_diff",0.0008583324416352456,0.00042765988320411785,-0.0014401591695080151,False,False,False,False,False
team_plus_away_vs_hand_games_scaled__env_temp__home_road_rapg_diff,2,0.554458482518009,0.6825050495806889,0.24474422321639414,0.684537882400361,0.6804722167610169,3,"away_vs_hand_games_scaled, env_temp, home_road_rapg_diff",0.0008866528793602946,0.0004416912159151132,-0.00411700532351067,False,False,False,False,False
team_plus_vs_hand_games_scaled_diff__away_vs_hand_games_scaled__home_road_rapg_diff,2,0.5526057834933868,0.6825288886629688,0.2447559498443444,0.684811147164985,0.6802466301609524,3,"vs_hand_games_scaled_diff, away_vs_hand_games_scaled, home_road_rapg_diff",0.0009104919616401697,0.000453417843865378,-0.0059697043481328205,False,False,False,False,False
team_plus_opp_adj_offense_diff__home_faces_lhp__home_road_rapg_diff,2,0.5546631416241015,0.6826023989669684,0.24479144939353292,0.6848320986128161,0.6803726993211207,3,"opp_adj_offense_diff, home_faces_lhp, home_road_rapg_diff",0.0009840022656397718,0.0004889173930539004,-0.0039123462174182055,False,False,False,False,False
team_plus_lineup_platoon_adv_pct_diff__away_lineup_platoon_adv_pct__home_road_rapg_diff,2,0.5540469600238198,0.6826192035967403,0.24479544237395523,0.6844679330931326,0.6807704741003481,3,"lineup_platoon_adv_pct_diff, away_lineup_platoon_adv_pct, home_road_rapg_diff",0.00100080689541171,0.0004929103734762075,-0.004528527817699857,False,False,False,False,False
team_plus_vs_hand_games_scaled_diff__home_faces_lhp__home_road_rapg_diff,2,0.5509589304959364,0.6826463738246429,0.24480840472657744,0.6847966838865227,0.680496063762763,3,"vs_hand_games_scaled_diff, home_faces_lhp, home_road_rapg_diff",0.001027977123314261,0.0005058727260984219,-0.007616557345583308,False,False,False,False,False
team_plus_vs_hand_games_scaled_diff__lineup_platoon_adv_pct_diff__home_road_rapg_diff,2,0.5536341658284742,0.6826497507951437,0.24481646573041382,0.6849333576896842,0.6803661439006031,3,"vs_hand_games_scaled_diff, lineup_platoon_adv_pct_diff, home_road_rapg_diff",0.0010313540938150512,0.0005139337299348012,-0.004941322013045424,False,False,False,False,False
team_plus_vs_hand_games_scaled_diff__away_lineup_platoon_adv_pct__home_road_rapg_diff,2,0.5563118597832479,0.6826728123219571,0.2448248168006576,0.6850898712905651,0.6802557533533491,3,"vs_hand_games_scaled_diff, away_lineup_platoon_adv_pct, home_road_rapg_diff",0.0010544156206284683,0.000522284800178574,-0.0022636280582717383,False,False,False,False,False
team_plus_lineup_platoon_adv_pct_diff__away_faces_lhp__home_road_rapg_diff,2,0.5521938370988122,0.6826795904702664,0.24482749010412796,0.6845359348686875,0.6808232460718453,3,"lineup_platoon_adv_pct_diff, away_faces_lhp, home_road_rapg_diff",0.0010611937689377626,0.0005249581036489426,-0.006381650742707468,False,False,False,False,False
team_plus_away_vs_hand_games_scaled__home_faces_lhp__home_road_rapg_diff,2,0.5558999133886733,0.6826878773574772,0.24483118715123095,0.6850765311434416,0.6802992235715126,3,"away_vs_hand_games_scaled, home_faces_lhp, home_road_rapg_diff",0.001069480656148536,0.0005286551507519277,-0.0026755744528463854,False,False,False,False,False
team_plus_away_vs_hand_games_scaled__away_faces_lhp__home_road_rapg_diff,2,0.5503412228542671,0.6827542404286401,0.24486414446227825,0.6847177215913878,0.6807907592658924,3,"away_vs_hand_games_scaled, away_faces_lhp, home_road_rapg_diff",0.0011358437273114586,0.0005616124617992269,-0.008234264987252549,False,False,False,False,False
team_plus_away_lineup_platoon_adv_pct__home_faces_lhp__home_road_rapg_diff,2,0.5596059048984572,0.6827971917719033,0.24488170850710794,0.6851121872544089,0.6804821962893977,3,"away_lineup_platoon_adv_pct, home_faces_lhp, home_road_rapg_diff",0.001178795070574723,0.0005791765066289201,0.001030417056937516,False,False,False,False,False
team_plus_away_faces_lhp__home_faces_lhp__home_road_rapg_diff,2,0.5499294460198467,0.6828049748870623,0.2448867835286278,0.6850842930260787,0.6805256567480459,3,"away_faces_lhp, home_faces_lhp, home_road_rapg_diff",0.0011865781857336444,0.0005842515281487826,-0.008646041821672945,False,False,False,False,False
team_plus_env_temp__home_faces_lhp__home_road_rapg_diff,2,0.5561059289759991,0.6828425119870302,0.24490846117438947,0.6852854234810135,0.6803996004930468,3,"env_temp, home_faces_lhp, home_road_rapg_diff",0.0012241152857015436,0.0006059291739104467,-0.0024695588655205825,False,False,False,False,False
team_plus_lineup_platoon_adv_pct_diff__home_faces_lhp__home_road_rapg_diff,2,0.5577533754339892,0.6830410440536834,0.24500146602426798,0.6854049092320242,0.6806771788753424,3,"lineup_platoon_adv_pct_diff, home_faces_lhp, home_road_rapg_diff",0.0014226473523547556,0.0006989340237889552,-0.0008221124075304953,False,False,False,False,False
team_plus_away_faces_lhp__away_lineup_platoon_adv_pct__home_road_rapg_diff,2,0.551782314604623,0.683078813808881,0.24502125882950943,0.6853624020334533,0.6807952255843087,3,"away_faces_lhp, away_lineup_platoon_adv_pct, home_road_rapg_diff",0.001460417107552403,0.0007187268290304027,-0.006793173236896655,False,False,False,False,False
